{
  "Workflows": [
    {
      "Path": null,
      "SortBy": 0,
      "VariablesSectionElementsOrder": [],
      "ArgumentsSectionElementsOrder": null,
      "ConstantsSectionElementsOrder": [],
      "AddedNamespaces": null
    },
    {
      "Path": "Main.xaml",
      "SortBy": 0,
      "VariablesSectionElementsOrder": [
        "dt_SummaryData&StateMachine_1",
        "strSummaryFilePath&Sequence_42",
        "TransactionItem&StateMachine_1",
        "SystemException&StateMachine_1",
        "BusinessException&StateMachine_1",
        "TransactionNumber&StateMachine_1",
        "Config&StateMachine_1",
        "RetryNumber&StateMachine_1",
        "TransactionField2&StateMachine_1",
        "TransactionField1&StateMachine_1",
        "TransactionID&StateMachine_1",
        "dt_TransactionData&StateMachine_1",
        "ConsecutiveSystemExceptions&StateMachine_1",
        "ShouldStop&Sequence_25"
      ],
      "ArgumentsSectionElementsOrder": [
        "in_OrchestratorQueueName",
        "in_OrchestratorQueueFolder",
        "io_JsonFileName",
        "io_UiElementOutput"
      ],
      "ConstantsSectionElementsOrder": [],
      "AddedNamespaces": null
    },
    {
      "Path": "Framework/InitAllSettings.xaml",
      "SortBy": 0,
      "VariablesSectionElementsOrder": [
        "dt_SettingsAndConstants&Sequence_5",
        "dt_Assets&Sequence_6",
        "AssetValue&Sequence_11"
      ],
      "ArgumentsSectionElementsOrder": [
        "in_ConfigFile",
        "in_ConfigSheets",
        "out_Config"
      ],
      "ConstantsSectionElementsOrder": [],
      "AddedNamespaces": null
    },
    {
      "Path": "Framework/KillAllProcesses.xaml",
      "SortBy": 0,
      "VariablesSectionElementsOrder": [],
      "ArgumentsSectionElementsOrder": [],
      "ConstantsSectionElementsOrder": [],
      "AddedNamespaces": null
    },
    {
      "Path": "Framework/InitAllApplications.xaml",
      "SortBy": 0,
      "VariablesSectionElementsOrder": [],
      "ArgumentsSectionElementsOrder": [
        "out_UiElementOutput",
        "in_Config"
      ],
      "ConstantsSectionElementsOrder": [],
      "AddedNamespaces": null
    },
    {
      "Path": "Framework/GetTransactionData.xaml",
      "SortBy": 0,
      "VariablesSectionElementsOrder": [],
      "ArgumentsSectionElementsOrder": [
        "in_TransactionNumber",
        "in_Config",
        "out_TransactionItem",
        "out_TransactionField1",
        "out_TransactionField2",
        "out_TransactionID",
        "io_dt_TransactionData"
      ],
      "ConstantsSectionElementsOrder": [],
      "AddedNamespaces": null
    },
    {
      "Path": "Framework/Project/Get4values.xaml",
      "SortBy": 0,
      "VariablesSectionElementsOrder": [
        "ValueB&Sequence_21",
        "ValueC&Sequence_21",
        "ValueD&Sequence_21",
        "ValueA&Sequence_21",
        "Value1&Sequence_21",
        "Value2&Sequence_21",
        "Value3&Sequence_21",
        "Value4&Sequence_21",
        "Total_4Values&Sequence_21"
      ],
      "ArgumentsSectionElementsOrder": [
        "Check_4Values",
        "CFLTotal"
      ],
      "ConstantsSectionElementsOrder": [],
      "AddedNamespaces": null
    },
    {
      "Path": "Framework/Project/ImportdraftITRfilledinonlinemodeSequence.xaml",
      "SortBy": 0,
      "VariablesSectionElementsOrder": [],
      "ArgumentsSectionElementsOrder": [
        "JsonFolder",
        "JsonFile"
      ],
      "ConstantsSectionElementsOrder": [],
      "AddedNamespaces": null
    },
    {
      "Path": "Framework/Project/FileReturnSequence.xaml",
      "SortBy": 0,
      "VariablesSectionElementsOrder": [
        "ui&Sequence_49"
      ],
      "ArgumentsSectionElementsOrder": [
        "ui"
      ],
      "ConstantsSectionElementsOrder": [],
      "AddedNamespaces": null
    },
    {
      "Path": "AddAttachmentSequence.xaml",
      "SortBy": 0,
      "VariablesSectionElementsOrder": [],
      "ArgumentsSectionElementsOrder": [
        "UiElementOutput",
        "TransactionItem",
        "Config"
      ],
      "ConstantsSectionElementsOrder": [],
      "AddedNamespaces": null
    },
    {
      "Path": "Click CFL Sequence.xaml",
      "SortBy": 0,
      "VariablesSectionElementsOrder": [],
      "ArgumentsSectionElementsOrder": [
        "UiElementOutput"
      ],
      "ConstantsSectionElementsOrder": [],
      "AddedNamespaces": null
    },
    {
      "Path": "CFL Value Check Sequence.xaml",
      "SortBy": 0,
      "VariablesSectionElementsOrder": [
        "Queue_CFLValue&Sequence_49",
        "ValueB&Sequence_46",
        "ValueC&Sequence_46",
        "ValueD&Sequence_46",
        "ValueA&Sequence_46",
        "Value1&Sequence_46",
        "Value2&Sequence_46",
        "Value3&Sequence_46",
        "Value4&Sequence_46",
        "Total_4Values&Sequence_46",
        "Check_4Values&Sequence_46"
      ],
      "ArgumentsSectionElementsOrder": [
        "UiElementOutput",
        "TransactionItem",
        "Config"
      ],
      "ConstantsSectionElementsOrder": [],
      "AddedNamespaces": null
    },
    {
      "Path": "Check Total Income Sequence.xaml",
      "SortBy": 0,
      "VariablesSectionElementsOrder": [
        "IT_&Sequence_51",
        "IT_TotalIncome&Sequence_51",
        "Int_TotalIncome&Sequence_51",
        "Check_TotalIncome&Sequence_51",
        "Queue_CFLValue&Sequence_51",
        "Queue_TotalAmount&Sequence_51",
        "Check_4Values&Sequence_51"
      ],
      "ArgumentsSectionElementsOrder": [
        "UiElementOutput",
        "TransactionItem",
        "Config"
      ],
      "ConstantsSectionElementsOrder": [],
      "AddedNamespaces": null
    },
    {
      "Path": "Tax Liability Sequence.xaml",
      "SortBy": 0,
      "VariablesSectionElementsOrder": [
        "IT_TaxLiability&Sequence_52",
        "Int_TaxLiability&Sequence_52",
        "Check_TaxLiability&Sequence_52"
      ],
      "ArgumentsSectionElementsOrder": [
        "UiElementOutput",
        "TransactionItem",
        "Config"
      ],
      "ConstantsSectionElementsOrder": [],
      "AddedNamespaces": null
    },
    {
      "Path": "Refund Sequence.xaml",
      "SortBy": 0,
      "VariablesSectionElementsOrder": [
        "IT_TaxLiability&Sequence_53",
        "IT_refund&Sequence_53",
        "Int_Refund&Sequence_53",
        "Check_refund&Sequence_53"
      ],
      "ArgumentsSectionElementsOrder": [
        "UiElementOutput",
        "TransactionItem",
        "Config"
      ],
      "ConstantsSectionElementsOrder": [],
      "AddedNamespaces": null
    },
    {
      "Path": "Verification and Validation Sequence.xaml",
      "SortBy": 0,
      "VariablesSectionElementsOrder": [
        "JsonPath&Sequence_66"
      ],
      "ArgumentsSectionElementsOrder": [
        "UiElementOutput"
      ],
      "ConstantsSectionElementsOrder": [],
      "AddedNamespaces": null
    },
    {
      "Path": "Login And Submit Return.xaml",
      "SortBy": 0,
      "VariablesSectionElementsOrder": [
        "JsonPath&Sequence_50"
      ],
      "ArgumentsSectionElementsOrder": [
        "UiElementOutput",
        "TransactionItem",
        "Config"
      ],
      "ConstantsSectionElementsOrder": [],
      "AddedNamespaces": null
    },
    {
      "Path": "Framework/Project/Login And Submit Return.xaml",
      "SortBy": 0,
      "VariablesSectionElementsOrder": [
        "BoolProcessedFileExist&Sequence_69",
        "ContinueElementFound&Sequence_69"
      ],
      "ArgumentsSectionElementsOrder": [
        "in_Config",
        "in_TransactionItem",
        "in_UiElementOutput"
      ],
      "ConstantsSectionElementsOrder": [],
      "AddedNamespaces": null
    },
    {
      "Path": "Framework/SetTransactionStatus.xaml",
      "SortBy": 0,
      "VariablesSectionElementsOrder": [
        "QueueRetry&Sequence_31",
        "ScreenshotPath&Sequence_31"
      ],
      "ArgumentsSectionElementsOrder": [
        "io_dt_SummaryData",
        "io_JsonFileName",
        "in_BusinessException",
        "in_TransactionField1",
        "in_TransactionField2",
        "in_TransactionID",
        "in_SystemException",
        "in_Config",
        "in_TransactionItem",
        "io_RetryNumber",
        "io_TransactionNumber",
        "io_ConsecutiveSystemExceptions"
      ],
      "ConstantsSectionElementsOrder": [],
      "AddedNamespaces": null
    },
    {
      "Path": "Framework/Project/CFL Value Check Sequence.xaml",
      "SortBy": 0,
      "VariablesSectionElementsOrder": [
        "CheckFourValues&Sequence_46",
        "TotalFourValues&Sequence_46",
        "QueueCFLValue&Sequence_49",
        "ValueB&Sequence_46",
        "ValueC&Sequence_46",
        "ValueD&Sequence_46",
        "ValueA&Sequence_46",
        "Value1&Sequence_46",
        "Value2&Sequence_46",
        "Value3&Sequence_46",
        "Value4&Sequence_46"
      ],
      "ArgumentsSectionElementsOrder": [
        "in_UiElementOutput",
        "in_Config",
        "in_TransactionItem"
      ],
      "ConstantsSectionElementsOrder": [],
      "AddedNamespaces": null
    },
    {
      "Path": "Framework/Project/Check Total Income Sequence.xaml",
      "SortBy": 0,
      "VariablesSectionElementsOrder": [
        "QueueTotalAmount&Sequence_51",
        "CheckTotalIncome&Sequence_51",
        "IntTotalIncome&Sequence_51",
        "ITTotalIncome&Sequence_51"
      ],
      "ArgumentsSectionElementsOrder": [
        "in_UiElementOutput",
        "in_Config",
        "in_TransactionItem"
      ],
      "ConstantsSectionElementsOrder": [],
      "AddedNamespaces": null
    },
    {
      "Path": "Framework/Project/Tax Liability Sequence.xaml",
      "SortBy": 0,
      "VariablesSectionElementsOrder": [
        "CheckTaxLiability&Sequence_64",
        "IntTaxLiability&Sequence_64",
        "ITTaxLiability&Sequence_64"
      ],
      "ArgumentsSectionElementsOrder": [
        "in_UiElementOutput",
        "in_Config",
        "in_TransactionItem"
      ],
      "ConstantsSectionElementsOrder": [],
      "AddedNamespaces": null
    },
    {
      "Path": "Framework/TakeScreenshot.xaml",
      "SortBy": 0,
      "VariablesSectionElementsOrder": [
        "Screenshot&Sequence_1",
        "ScreenshotFileInfo&Sequence_1"
      ],
      "ArgumentsSectionElementsOrder": [
        "io_JsonFileName",
        "in_Folder",
        "io_FilePath"
      ],
      "ConstantsSectionElementsOrder": [],
      "AddedNamespaces": null
    },
    {
      "Path": "Framework/RetryCurrentTransaction.xaml",
      "SortBy": 0,
      "VariablesSectionElementsOrder": [],
      "ArgumentsSectionElementsOrder": [
        "in_Config",
        "io_RetryNumber",
        "io_TransactionNumber",
        "in_SystemException",
        "in_QueueRetry"
      ],
      "ConstantsSectionElementsOrder": [],
      "AddedNamespaces": null
    },
    {
      "Path": "Framework/CloseAllApplications.xaml",
      "SortBy": 0,
      "VariablesSectionElementsOrder": [],
      "ArgumentsSectionElementsOrder": [],
      "ConstantsSectionElementsOrder": [],
      "AddedNamespaces": null
    },
    {
      "Path": "Framework/Project/Click CFL Sequence.xaml",
      "SortBy": 0,
      "VariablesSectionElementsOrder": [],
      "ArgumentsSectionElementsOrder": [
        "in_UiElementOutput"
      ],
      "ConstantsSectionElementsOrder": [],
      "AddedNamespaces": null
    },
    {
      "Path": "Framework/Project/Refund Sequence.xaml",
      "SortBy": 0,
      "VariablesSectionElementsOrder": [
        "CheckRefund&Sequence_67",
        "IntRefund&Sequence_67",
        "ITRefund&Sequence_67"
      ],
      "ArgumentsSectionElementsOrder": [
        "in_UiElementOutput",
        "in_Config",
        "in_TransactionItem"
      ],
      "ConstantsSectionElementsOrder": [],
      "AddedNamespaces": null
    },
    {
      "Path": "Framework/Project/StartPageSequence.xaml",
      "SortBy": 0,
      "VariablesSectionElementsOrder": [],
      "ArgumentsSectionElementsOrder": [
        "in_UiElementOutput"
      ],
      "ConstantsSectionElementsOrder": [],
      "AddedNamespaces": null
    },
    {
      "Path": "Framework/Project/Verification and Validation Sequence.xaml",
      "SortBy": 0,
      "VariablesSectionElementsOrder": [],
      "ArgumentsSectionElementsOrder": [
        "in_UiElementOutput"
      ],
      "ConstantsSectionElementsOrder": [],
      "AddedNamespaces": null
    },
    {
      "Path": "Framework/Project/IncomeTaxreturnSequence.xaml",
      "SortBy": 0,
      "VariablesSectionElementsOrder": [],
      "ArgumentsSectionElementsOrder": [
        "io_UiElementOutput"
      ],
      "ConstantsSectionElementsOrder": [],
      "AddedNamespaces": null
    },
    {
      "Path": "Framework/Project/AddAttachmentSequence.xaml",
      "SortBy": 0,
      "VariablesSectionElementsOrder": [],
      "ArgumentsSectionElementsOrder": [
        "in_UiElementOutput",
        "in_Config",
        "in_TransactionItem"
      ],
      "ConstantsSectionElementsOrder": [],
      "AddedNamespaces": null
    }
  ]
}